{
  "project_info": {
    "project_number": "939576632048",
    "project_id": "botanisnap",
    "storage_bucket": "botanisnap.appspot.com"
  },
  "client": [
    {
      "client_info": {
        "mobilesdk_app_id": "1:939576632048:android:a54b41b5dc7ac692ba1835",
        "android_client_info": {
          "package_name": "com.example.botanisnap"
        }
      },
      "oauth_client": [
        {
          "client_id": "939576632048-s4kbudl2kbri5guro2d64qbe4v4jfnp1.apps.googleusercontent.com",
          "client_type": 1,
          "android_info": {
            "package_name": "com.example.botanisnap",
            "certificate_hash": "2181a22cdcd5255700377f2fed1680945b6801e7"
          }
        },
        {
          "client_id": "939576632048-2krd90g94urusmo9442ip5ga7eqbkv68.apps.googleusercontent.com",
          "client_type": 3
        }
      ],
      "api_key": [
        {
          "current_key": "AIzaSyBYgj93KfISV5xPN3aspla-9L4Qib0OW_c"
        }
      ],
      "services": {
        "appinvite_service": {
          "other_platform_oauth_client": [
            {
              "client_id": "939576632048-2krd90g94urusmo9442ip5ga7eqbkv68.apps.googleusercontent.com",
              "client_type": 3
            }
          ]
        }
      }
    }
  ],
  "configuration_version": "1"
}